<?xml version="1.0" encoding="UTF-8"?>
<!-- This file was auto-generated from WSDL -->
<!-- by the Apache Axis2 version: 1.7.9  Built on : Nov 16, 2018 (12:05:37 GMT) -->
<serviceGroup>
    <service name="tiempo">
        <messageReceivers>
            <messageReceiver mep="http://www.w3.org/ns/wsdl/in-out" class="com.soa.tiempo.TiempoMessageReceiverInOut"/>
        </messageReceivers>
        <parameter name="ServiceClass">com.soa.tiempo.TiempoSkeleton</parameter>
        <parameter name="useOriginalwsdl">true</parameter>
        <parameter name="modifyUserWSDLPortAddress">true</parameter>
        <operation name="tiempoOperation" mep="http://www.w3.org/ns/wsdl/in-out" namespace="http://soa.com/tiempo">
            <actionMapping>http://soa.com/tiempo/calculateCapitalCity</actionMapping>
            <outputActionMapping>http://soa.com/tiempo/tiempoPortType/tiempoOperationResponse</outputActionMapping>
        </operation>
    </service>
</serviceGroup>
